,error-test,error-train,fold,l2reg,model,n_samples-test,n_samples-train,site_index,std-test,std-train
0,167.302785499,187.163648568,0,0.0,mix,63,565,0,216.201181546,246.772689171
1,272.879938509,268.00746084,0,0.0,hrrr,63,565,0,405.214304461,377.515797245
2,258.128843941,268.013455353,0,0.0,nam,63,565,0,343.1335873,372.210331092
3,205.831510413,182.785970899,1,0.0,mix,63,565,0,235.919633147,242.131239953
4,243.721438592,271.122898393,1,0.0,hrrr,63,565,0,337.847684587,384.45167857
5,288.448251852,264.543706694,1,0.0,nam,63,565,0,396.946235664,366.060594967
6,123.451981512,190.774399545,2,0.0,mix,62,566,0,150.476574773,245.54418644
7,200.43535227,274.934007559,2,0.0,hrrr,62,566,0,277.804356167,387.302528653
8,169.386863152,275.640782659,2,0.0,nam,62,566,0,232.221253389,376.838284207
9,183.975906281,185.515306869,3,0.0,mix,63,565,0,267.318745268,236.741600489
10,212.857937857,274.005302893,3,0.0,hrrr,63,565,0,360.883928012,382.198918701
11,246.552199089,269.22607289,3,0.0,nam,63,565,0,381.157151583,368.176021673
12,222.614440935,181.01349566,4,0.0,mix,63,565,0,273.075518638,243.398561102
13,347.906461826,258.136845151,4,0.0,hrrr,63,565,0,435.000853799,371.409972932
14,345.730306057,256.773725054,4,0.0,nam,63,565,0,391.632344142,365.420016911
15,241.054957792,179.415515027,5,0.0,mix,63,565,0,282.859131962,232.384611733
16,317.010247679,262.536305743,5,0.0,hrrr,63,565,0,473.912592624,364.20059373
17,232.882900015,270.579798262,5,0.0,nam,63,565,0,353.687490044,371.077726277
18,152.900715362,188.646633937,6,0.0,mix,63,565,0,209.469431126,248.779690944
19,275.797408502,267.674257992,6,0.0,hrrr,63,565,0,327.378906685,385.284325459
20,282.96634083,265.203043181,6,0.0,nam,63,565,0,353.05026188,371.26919531
21,207.376278599,182.65169071,7,0.0,mix,62,566,0,247.070431425,239.475394604
22,264.682034499,268.915205885,7,0.0,hrrr,62,566,0,352.544018168,383.297544304
23,273.503194545,266.320659383,7,0.0,nam,62,566,0,413.087599107,363.787208078
24,202.045111914,183.412233593,8,0.0,mix,63,565,0,291.201970994,238.377468018
25,314.681213711,262.848550662,8,0.0,hrrr,63,565,0,379.972736855,380.240389546
26,307.400659759,262.152968221,8,0.0,nam,63,565,0,384.248289074,367.522152111
27,163.632869669,187.687614502,9,0.0,mix,63,565,0,183.425502683,242.564433254
28,185.361817422,276.224226904,9,0.0,hrrr,63,565,0,269.458249671,387.531010487
29,223.669518411,271.445129832,9,0.0,nam,63,565,0,333.957125239,372.720378379
30,164.685533361,164.313035713,0,0.0,mix,64,571,1,209.87163502,225.152164272
31,214.759216929,208.47722499,0,0.0,hrrr,64,571,1,279.756817461,317.877873901
32,207.123890118,191.580747427,0,0.0,nam,64,571,1,266.869535073,292.264481647
33,186.72844901,161.68956971,1,0.0,mix,63,572,1,241.757234042,216.096482905
34,226.457320783,207.120559107,1,0.0,hrrr,63,572,1,376.902998236,304.958866979
35,198.315454152,192.632702083,1,0.0,nam,63,572,1,316.570007651,286.614653112
36,116.387846782,169.002955818,2,0.0,mix,63,572,1,109.435929739,221.927623368
37,79.3524069688,218.75486342,2,0.0,hrrr,63,572,1,119.79651365,321.505933832
38,76.8111723163,201.963437912,2,0.0,nam,63,572,1,112.213121553,296.386346971
39,148.244642978,166.040842635,3,0.0,mix,64,571,1,179.742200387,222.538842051
40,168.829056122,213.160692306,3,0.0,hrrr,64,571,1,212.207691848,321.181038544
41,156.921475086,196.854327478,3,0.0,nam,64,571,1,239.948126974,294.057670866
42,212.652854521,158.418353471,4,0.0,mix,64,571,1,270.445543071,219.787494027
43,279.198692907,199.737512819,4,0.0,hrrr,64,571,1,346.49725156,309.164160306
44,271.47972661,182.348262181,4,0.0,nam,64,571,1,345.735150315,279.49491355
45,183.821804382,162.762351588,5,0.0,mix,63,572,1,266.445987705,216.26102365
46,303.399673945,195.981364632,5,0.0,hrrr,63,572,1,419.139903044,291.232813189
47,209.567148573,191.316191937,5,0.0,nam,63,572,1,305.819457304,288.068387679
48,140.332559655,166.716424122,6,0.0,mix,63,572,1,151.329391262,224.879440859
49,176.436811955,212.411325615,6,0.0,hrrr,63,572,1,242.277437705,319.953485547
50,154.364311647,197.014213928,6,0.0,nam,63,572,1,205.265568096,295.619247322
51,137.427448097,167.178096758,7,0.0,mix,64,571,1,167.461163581,221.746425779
52,133.317104657,215.96323831,7,0.0,hrrr,64,571,1,210.639618957,320.814923179
53,123.653328439,199.493964129,7,0.0,nam,64,571,1,192.501236991,295.784748366
54,176.187662295,162.913850397,8,0.0,mix,64,571,1,222.962390207,222.359401096
55,214.080840134,208.555412998,8,0.0,hrrr,64,571,1,297.148778511,316.411111887
56,208.089834794,191.463387723,8,0.0,nam,64,571,1,280.520748964,290.993072873
57,188.634353627,161.693244468,9,0.0,mix,63,572,1,263.897269015,218.894381374
58,201.009246287,209.992974993,9,0.0,hrrr,63,572,1,267.852814502,318.652729964
59,245.510561267,186.548445573,9,0.0,nam,63,572,1,355.987989201,278.567475695
60,123.899514773,85.2506979431,0,0.0,mix,64,572,2,197.435137023,166.081925847
61,132.140105046,141.003414975,0,0.0,hrrr,64,572,2,215.376499514,318.993005437
62,118.912167669,88.838398304,0,0.0,nam,64,572,2,180.160308236,153.790537869
63,45.704387722,93.4125849449,1,0.0,mix,63,573,2,56.5644816443,170.286781604
64,46.7764924224,146.822902615,1,0.0,hrrr,63,573,2,46.75113628,320.409675799
65,60.175702539,95.182470807,1,0.0,nam,63,573,2,61.6222839644,161.214940594
66,37.7745684065,93.8677246493,2,0.0,mix,64,572,2,38.303074501,170.252246384
67,44.9789713836,147.000953945,2,0.0,hrrr,64,572,2,41.6217100005,320.540619793
68,54.086614064,95.640249364,2,0.0,nam,64,572,2,48.2960067324,161.286498167
69,54.6667735576,92.8851500776,3,0.0,mix,63,573,2,56.3942689272,170.288501127
70,57.9002775927,146.386274926,3,0.0,hrrr,63,573,2,51.548661313,320.444196066
71,67.5610318663,94.6360426944,3,0.0,nam,63,573,2,56.2091262944,161.304809444
72,204.291059189,67.015133947,4,0.0,mix,64,572,2,262.189229999,138.063850264
73,203.48800488,131.158872905,4,0.0,hrrr,64,572,2,278.445001099,315.148717814
74,183.300607872,75.5978122147,4,0.0,nam,64,572,2,240.975002003,122.565468361
75,117.924486632,92.5321571622,5,0.0,mix,64,572,2,178.162990968,166.95043691
76,329.50528538,98.425261918,5,0.0,hrrr,64,572,2,523.920827661,185.394401064
77,56.9770441389,95.4522853696,5,0.0,nam,64,572,2,52.8342279357,161.296686798
78,87.3907827736,90.0293957681,6,0.0,mix,63,573,2,162.235582965,167.771207996
79,87.6313673688,144.752265741,6,0.0,hrrr,63,573,2,159.214856816,320.025800774
80,92.2378155594,92.3169630042,6,0.0,nam,63,573,2,151.572416271,157.922336116
81,64.3017375123,92.2234548648,7,0.0,mix,64,572,2,99.0942823928,170.209009414
82,67.7734641691,146.019563605,7,0.0,hrrr,64,572,2,105.13851232,320.518655085
83,74.3944272833,94.1016594249,7,0.0,nam,64,572,2,92.0122151502,161.010179882
84,53.9290519085,92.8867629914,8,0.0,mix,63,573,2,98.6773845623,170.459903298
85,56.8825772045,146.430136829,8,0.0,hrrr,63,573,2,97.693614884,320.370437534
86,63.5157516185,94.9435593972,8,0.0,nam,63,573,2,91.1836880186,160.883246973
87,71.8392320683,91.5774130139,9,0.0,mix,64,572,2,127.293261863,171.672986346
88,69.9952974445,145.902241558,9,0.0,hrrr,64,572,2,122.135763,320.442010262
89,69.4830205297,94.5208283753,9,0.0,nam,64,572,2,113.356004727,160.344757033
90,189.798257247,140.128383105,0,0.0,mix,67,605,3,244.390708474,197.528216271
91,211.747728487,203.312341243,0,0.0,hrrr,67,605,3,252.157129096,322.589257745
92,250.275220372,157.823459624,0,0.0,nam,67,605,3,319.543254754,248.206745369
93,115.043468206,148.132506013,1,0.0,mix,67,605,3,136.475548107,198.316880593
94,155.552546772,208.858124506,1,0.0,hrrr,67,605,3,202.181030886,324.261297228
95,114.282250279,174.351994261,1,0.0,nam,67,605,3,141.514767206,266.147562578
96,129.165459959,146.883388856,2,0.0,mix,68,604,3,159.188867707,196.994149466
97,126.276915078,211.146318281,2,0.0,hrrr,68,604,3,182.162399553,324.513166796
98,141.175711359,172.202970509,2,0.0,nam,68,604,3,228.122456294,263.021143919
99,117.277213281,148.229043705,3,0.0,mix,67,605,3,126.802710472,195.289612029
100,89.6550114707,213.09898652,3,0.0,hrrr,67,605,3,173.362875372,324.139325603
101,79.4711278487,176.481046173,3,0.0,nam,67,605,3,162.165649032,265.299202273
102,127.842861202,146.978437169,4,0.0,mix,67,605,3,167.934714942,196.328364834
103,146.729708272,209.563996213,4,0.0,hrrr,67,605,3,258.976451346,321.8480907
104,124.082370113,173.608525649,4,0.0,nam,67,605,3,212.338047341,263.831126939
105,174.446264662,143.854427663,5,0.0,mix,67,605,3,220.438170112,191.984358466
106,303.200046239,190.054286189,5,0.0,hrrr,67,605,3,455.819757251,280.459082349
107,87.9391771604,176.035692282,5,0.0,nam,67,605,3,158.171638945,265.497398059
108,218.924530611,135.171282925,6,0.0,mix,67,605,3,286.445182329,182.439139087
109,292.932377517,191.829305252,6,0.0,hrrr,67,605,3,370.868368762,307.523848397
110,267.328215194,154.695647464,6,0.0,nam,67,605,3,343.722906954,240.055755893
111,122.829670024,147.555570298,7,0.0,mix,68,604,3,140.29730662,196.765742176
112,219.113465811,202.417433888,7,0.0,hrrr,68,604,3,324.982007433,316.512882408
113,116.989225077,174.2321483,7,0.0,nam,68,604,3,170.257930163,265.616783126
114,179.731927233,141.450331758,8,0.0,mix,67,605,3,209.765582282,203.456581943
115,226.465792759,201.548130264,8,0.0,hrrr,67,605,3,286.203720024,320.290024171
116,237.038635618,160.070556417,8,0.0,nam,67,605,3,282.282841036,256.009561644
117,117.467893761,147.88646296,9,0.0,mix,67,605,3,152.874821078,199.052757321
118,159.860284181,208.497594316,9,0.0,hrrr,67,605,3,214.04950711,323.954289359
119,143.671173745,171.927519857,9,0.0,nam,67,605,3,221.852884731,263.429948253
120,182.524258433,180.004994075,0,0.0,mix,62,558,4,225.103949792,258.236845249
121,265.702285616,247.844050853,0,0.0,hrrr,62,558,4,336.899036751,389.817631557
122,257.564178032,247.565993185,0,0.0,nam,62,558,4,322.847298582,361.672651695
123,137.573036324,184.290264814,1,0.0,mix,62,558,4,204.72526899,252.144707573
124,170.903580111,256.954326416,1,0.0,hrrr,62,558,4,326.576940076,389.987947426
125,198.922266035,253.502033022,1,0.0,nam,62,558,4,306.51282514,362.556898205
126,176.051020876,180.617408164,2,0.0,mix,62,558,4,243.252451652,254.845161698
127,235.96488938,251.165801249,2,0.0,hrrr,62,558,4,329.442510067,390.346237667
128,277.316375886,245.183655044,2,0.0,nam,62,558,4,364.432363601,357.487257242
129,182.906116029,179.880108861,3,0.0,mix,62,558,4,263.585472386,250.212700925
130,187.529225243,255.662658846,3,0.0,hrrr,62,558,4,310.219513762,391.159412175
131,260.952474729,247.171420627,3,0.0,nam,62,558,4,409.675107144,351.040309332
132,209.511477787,176.767031203,4,0.0,mix,62,558,4,292.436534104,250.269430083
133,273.969149934,246.841980798,4,0.0,hrrr,62,558,4,383.362458615,385.613772196
134,313.757918159,240.2534688,4,0.0,nam,62,558,4,407.671885977,350.460033622
135,204.862916576,178.315190747,5,0.0,mix,62,558,4,281.846415445,250.490256093
136,329.620885616,239.162389796,5,0.0,hrrr,62,558,4,507.518144595,360.526359981
137,170.652023246,255.781478264,5,0.0,nam,62,558,4,250.839521413,364.997872092
138,177.708808327,180.502360658,6,0.0,mix,62,558,4,231.850185572,256.633538477
139,313.931293799,241.49647093,6,0.0,hrrr,62,558,4,426.695719136,379.24369802
140,245.783093265,248.893164432,6,0.0,nam,62,558,4,350.88195689,359.137046089
141,159.739483325,182.329960434,7,0.0,mix,62,558,4,189.12494747,253.012905847
142,164.972975416,257.384641658,7,0.0,hrrr,62,558,4,235.194833499,393.756232315
143,220.688719157,251.492452699,7,0.0,nam,62,558,4,287.319770588,363.930502188
144,167.40893985,181.866141306,8,0.0,mix,62,558,4,194.64597616,250.18926013
145,181.30053062,256.161382307,8,0.0,hrrr,62,558,4,240.743369549,393.804771231
146,175.109836368,255.446480555,8,0.0,nam,62,558,4,250.581596221,365.069557862
147,233.299432969,173.26182724,9,0.0,mix,62,558,4,334.316956095,238.067798072
148,300.728354597,243.35621427,9,0.0,hrrr,62,558,4,445.839389417,376.26442609
149,315.732823403,239.965826009,9,0.0,nam,62,558,4,435.93939325,344.774533225
150,175.40923507,167.248544736,0,0.0,mix,63,566,5,255.022761354,235.571149473
151,249.217416886,259.760260518,0,0.0,hrrr,63,566,5,390.038952064,363.918957349
152,234.809792479,225.500597227,0,0.0,nam,63,566,5,332.007090694,330.942506031
153,135.838456525,171.387280279,1,0.0,mix,63,566,5,160.176115959,239.285753767
154,181.712590519,265.919742974,1,0.0,hrrr,63,566,5,282.712696566,372.557261981
155,139.527423583,234.138000158,1,0.0,nam,63,566,5,241.433863439,336.661432576
156,145.346933933,170.471929374,2,0.0,mix,63,566,5,180.03205592,238.888836108
157,206.346906076,263.911457693,2,0.0,hrrr,63,566,5,312.919733782,371.160669471
158,174.411563744,231.520238496,2,0.0,nam,63,566,5,259.340914477,336.307331754
159,141.049113766,171.177326107,3,0.0,mix,63,566,5,153.316889008,236.868442715
160,185.680667256,265.6144589,3,0.0,hrrr,63,566,5,305.384086698,371.366859327
161,124.477634436,235.080522456,3,0.0,nam,63,566,5,227.541426774,336.966307579
162,249.558699769,157.141921683,4,0.0,mix,62,567,5,331.649298352,221.878012619
163,350.753229791,246.585980915,4,0.0,hrrr,62,567,5,441.865558097,353.03176084
164,336.33556484,210.991608748,4,0.0,nam,62,567,5,432.330644873,308.365701255
165,183.850946392,166.336667882,5,0.0,mix,63,566,5,219.607259726,241.716509973
166,320.321375085,250.933927895,5,0.0,hrrr,63,566,5,408.047577344,360.423538657
167,293.523593046,217.710155596,5,0.0,nam,63,566,5,355.073656881,326.971278791
168,196.899886086,164.964057107,6,0.0,mix,63,566,5,257.10151566,238.885996317
169,342.839434485,247.599822173,6,0.0,hrrr,63,566,5,413.885074858,358.595531279
170,273.114573033,220.646617506,6,0.0,nam,63,566,5,356.081110049,327.421424751
171,186.15661356,166.188166363,7,0.0,mix,63,566,5,235.269668445,233.492254606
172,247.399307126,259.953635919,7,0.0,hrrr,63,566,5,339.510440531,369.475418302
173,202.597059484,228.951629631,7,0.0,nam,63,566,5,306.396497691,333.400322791
174,124.808012845,172.249268213,8,0.0,mix,63,566,5,235.478777064,237.611865848
175,244.810019582,260.226345631,8,0.0,hrrr,63,566,5,318.433571368,371.112217885
176,202.166929438,228.993946341,8,0.0,nam,63,566,5,303.104434622,333.676839174
177,140.387118254,171.100137027,9,0.0,mix,63,566,5,168.404478932,240.213057455
178,183.776079929,265.761855145,9,0.0,hrrr,63,566,5,249.05011073,373.947113617
179,193.584114776,229.81797294,9,0.0,nam,63,566,5,264.645230736,336.226980583
180,98.7227957354,163.116387819,0,0.0,mix,62,553,6,152.456837314,218.294921246
181,185.981756298,243.393690491,0,0.0,hrrr,62,553,6,247.804290743,345.040611579
182,167.667244454,241.337940997,0,0.0,nam,62,553,6,227.994123218,336.160062138
183,157.970108865,157.907159798,1,0.0,mix,61,554,6,178.029260923,215.745488303
184,246.488884631,237.307240577,1,0.0,hrrr,61,554,6,323.260633916,340.403353472
185,170.541781556,241.003248412,1,0.0,nam,61,554,6,238.760826272,335.694991819
186,140.713437042,159.610355199,2,0.0,mix,61,554,6,145.871383198,217.700824687
187,215.523355401,240.603378516,2,0.0,hrrr,61,554,6,276.752643444,343.808679783
188,179.380349282,240.295696245,2,0.0,nam,61,554,6,243.540901539,335.622629515
189,145.564778736,159.611307792,3,0.0,mix,62,553,6,158.245542959,216.483704488
190,96.4581888049,249.149229166,3,0.0,hrrr,62,553,6,134.080513547,346.05281936
191,254.060189382,232.721177257,3,0.0,nam,62,553,6,325.231058567,330.276529415
192,199.742445101,152.468706721,4,0.0,mix,62,553,6,252.199576437,206.852225674
193,228.833360211,239.26465712,4,0.0,hrrr,62,553,6,340.994956047,338.566367847
194,307.468795753,225.381324991,4,0.0,nam,62,553,6,412.021810204,314.154591478
195,173.881826996,156.912426823,5,0.0,mix,61,554,6,214.547971424,214.283256772
196,306.935071646,229.415219536,5,0.0,hrrr,61,554,6,406.059287471,327.231606708
197,176.692425006,240.514876718,5,0.0,nam,61,554,6,258.65272608,334.886409845
198,188.17947018,154.513703658,6,0.0,mix,61,554,6,246.274724818,214.109091365
199,275.134583524,233.815009282,6,0.0,hrrr,61,554,6,359.044489361,336.078948507
200,311.30116464,224.976864258,6,0.0,nam,61,554,6,382.609318962,320.628117495
201,189.069438133,154.027828107,7,0.0,mix,62,553,6,274.548735744,204.44823094
202,275.467106863,233.689758774,7,0.0,hrrr,62,553,6,392.068937619,330.718487491
203,232.885081342,235.191804641,7,0.0,nam,62,553,6,318.032465055,331.093597492
204,153.392395547,158.497002805,8,0.0,mix,62,553,6,232.21105552,214.698493997
205,226.27894207,239.536878098,8,0.0,hrrr,62,553,6,315.166739148,341.166018789
206,267.940663775,230.969258582,8,0.0,nam,62,553,6,376.129341587,323.010996284
207,146.447173072,159.017422302,9,0.0,mix,61,554,6,179.722964112,216.575678128
208,260.933449822,235.600696462,9,0.0,hrrr,61,554,6,350.647856915,337.345687533
209,220.996835289,236.447383129,9,0.0,nam,61,554,6,281.312108624,334.008475159
210,152.556650684,131.195370683,0,0.0,mix,64,579,7,244.421817043,223.966015153
211,182.480747019,174.613027533,0,0.0,hrrr,64,579,7,301.439306667,322.830649597
212,158.585677694,139.831817204,0,0.0,nam,64,579,7,264.273515115,244.410677907
213,140.539992118,132.672131906,1,0.0,mix,65,578,7,254.776089781,221.393199228
214,156.614913424,177.40125664,1,0.0,hrrr,65,578,7,297.285193616,323.205647455
215,140.875820905,141.914269906,1,0.0,nam,65,578,7,272.973971986,243.11564498
216,96.4302654172,136.972248094,2,0.0,mix,64,579,7,120.838411227,229.450078441
217,105.005738272,181.525938821,2,0.0,hrrr,64,579,7,163.47388359,328.523397252
218,99.0901838836,145.765242631,2,0.0,nam,64,579,7,147.204437491,252.203990416
219,73.6226634092,138.628305513,3,0.0,mix,64,579,7,71.1362035425,227.833131018
220,51.9766105751,184.043021049,3,0.0,hrrr,64,579,7,86.33161039,328.692081998
221,50.3559233353,148.501014832,3,0.0,nam,64,579,7,76.5139778591,252.56478608
222,144.054823663,132.299328985,4,0.0,mix,65,578,7,211.980123709,229.425587618
223,194.914615439,173.081330925,4,0.0,hrrr,65,578,7,295.186058694,323.3750398
224,160.239361826,139.584968301,4,0.0,nam,65,578,7,231.698605282,248.116737978
225,196.289632075,125.877351683,5,0.0,mix,64,579,7,291.595017858,214.155727227
226,314.347485875,152.472847196,5,0.0,hrrr,64,579,7,479.729444317,270.480416686
227,213.325901007,131.539345878,5,0.0,nam,64,579,7,315.748294629,232.714685925
228,140.188789523,132.760648808,6,0.0,mix,64,579,7,206.541030617,229.686592263
229,193.193273016,173.334557258,6,0.0,hrrr,64,579,7,278.536235756,324.620121107
230,152.075455008,140.628915922,6,0.0,nam,64,579,7,227.222351957,248.526504377
231,75.1019264957,138.582401376,7,0.0,mix,64,579,7,66.192392852,227.377441321
232,51.4907168004,184.058117638,7,0.0,hrrr,64,579,7,80.4535050602,328.700264735
233,52.1839006452,148.431238618,7,0.0,nam,64,579,7,71.8743257117,252.590278507
234,126.694566987,134.23953051,8,0.0,mix,65,578,7,187.42576191,230.589127234
235,156.038353843,177.458382938,8,0.0,hrrr,65,578,7,235.66432902,327.069309551
236,137.576662233,142.277789544,8,0.0,nam,65,578,7,208.943526344,249.953303739
237,161.464340089,130.005152263,9,0.0,mix,64,579,7,275.834524615,217.840765058
238,187.334787517,174.043923547,9,0.0,hrrr,64,579,7,337.008787234,318.936344962
239,166.503248321,138.810764766,9,0.0,nam,64,579,7,291.157548006,239.846241503
240,154.056550391,147.854898205,0,0.0,mix,70,625,8,179.166608128,221.675607806
241,213.170562401,183.99353144,0,0.0,hrrr,70,625,8,273.672734404,310.238819693
242,196.097788005,177.891350278,0,0.0,nam,70,625,8,212.010149009,280.5215503
243,118.654077714,151.030771853,1,0.0,mix,69,626,8,143.092146628,219.965634262
244,138.619117849,191.736546887,1,0.0,hrrr,69,626,8,197.643415491,313.755333415
245,152.216456036,182.594967073,1,0.0,nam,69,626,8,218.151373882,280.076338425
246,109.349089945,151.832098002,2,0.0,mix,69,626,8,118.152584289,219.667884283
247,119.951176404,193.119005253,2,0.0,hrrr,69,626,8,155.192863946,314.42281878
248,114.305736833,185.619575944,2,0.0,nam,69,626,8,165.271361317,281.569261799
249,137.425579068,149.292329938,3,0.0,mix,70,625,8,173.682234479,218.224288067
250,153.405160538,190.544946656,3,0.0,hrrr,70,625,8,224.110443088,313.070104883
251,148.838975929,182.951027039,3,0.0,nam,70,625,8,226.253487428,279.663174066
252,106.434601821,152.502068582,4,0.0,mix,70,625,8,100.531923321,217.668329913
253,63.9987460613,196.174296786,4,0.0,hrrr,70,625,8,115.379336288,314.365696779
254,59.3222411526,188.568492835,4,0.0,nam,70,625,8,102.951836647,281.814724581
255,184.085156635,145.533835098,5,0.0,mix,69,626,8,259.751212279,212.500428658
256,281.080554712,173.702387993,5,0.0,hrrr,69,626,8,439.454941774,272.846096467
257,129.763272563,184.496031501,5,0.0,nam,69,626,8,225.649070885,279.445731059
258,154.21522895,147.622580261,6,0.0,mix,69,626,8,201.908997859,218.262228655
259,177.721284904,188.147499502,6,0.0,hrrr,69,626,8,242.196215402,312.272143405
260,208.884573378,176.310592206,6,0.0,nam,69,626,8,281.095086415,274.882645509
261,195.157183734,142.129810358,7,0.0,mix,70,625,8,273.948018616,203.8394922
262,190.626425261,186.743632112,7,0.0,hrrr,70,625,8,295.165805079,308.477826423
263,235.661825032,172.430076646,7,0.0,nam,70,625,8,339.988658349,264.03176935
264,159.763138525,146.88096961,8,0.0,mix,70,625,8,269.454456135,206.895419452
265,212.516711838,184.07822584,8,0.0,hrrr,70,625,8,312.653199277,306.476759937
266,182.591677367,179.494206444,8,0.0,nam,70,625,8,271.632609937,276.128120202
267,193.688579999,142.946564144,9,0.0,mix,69,626,8,268.494479422,210.863272922
268,227.4600016,182.14862824,9,0.0,hrrr,69,626,8,360.209080517,299.068187206
269,271.527300099,166.638292417,9,0.0,nam,69,626,8,368.137689467,254.253868181
270,32.732284412,73.7096073082,0,0.0,mix,63,566,9,51.3801782765,150.569002442
271,39.2271475333,137.257864754,0,0.0,hrrr,63,566,9,65.7587371714,310.546316048
272,36.453033096,79.1239585978,0,0.0,nam,63,566,9,63.4613574736,162.364522536
273,20.3672977193,74.1907273088,1,0.0,mix,63,566,9,26.745893093,150.960053591
274,32.8194222944,137.444923596,1,0.0,hrrr,63,566,9,42.8335431167,310.545499936
275,32.0693945232,79.3349549392,1,0.0,nam,63,566,9,41.2526459684,162.431185825
276,22.1980697252,74.135955535,2,0.0,mix,63,566,9,29.5317354892,150.967063688
277,35.0787402032,137.382793939,2,0.0,hrrr,63,566,9,44.7701499685,310.54994863
278,34.7883997771,79.2073283681,2,0.0,nam,63,566,9,43.701910961,162.438497973
279,33.5859006707,73.6553289818,3,0.0,mix,63,566,9,70.9713382849,150.713446551
280,41.0854698045,137.197336596,3,0.0,hrrr,63,566,9,81.8566117148,310.526747738
281,40.1400764684,78.925074425,3,0.0,nam,63,566,9,81.3735362387,162.202205946
282,154.229095977,54.7166473194,4,0.0,mix,62,567,9,224.341884483,124.449640655
283,173.891416874,125.183849597,4,0.0,hrrr,62,567,9,240.470920266,307.402275209
284,162.740844011,59.1708114127,4,0.0,nam,62,567,9,235.407785248,132.70131413
285,26.5941579172,73.9794731805,5,0.0,mix,63,566,9,35.2098128579,150.647766839
286,169.711026788,125.718495707,5,0.0,hrrr,63,566,9,350.607669581,295.58583607
287,29.9001926958,79.4291981843,5,0.0,nam,63,566,9,47.0195835691,162.408926013
288,118.007897783,64.1074738191,6,0.0,mix,63,566,9,193.886164856,140.311453768
289,308.850796003,91.6161285196,6,0.0,hrrr,63,566,9,487.193812849,219.079620487
290,118.616160143,69.5876162714,6,0.0,nam,63,566,9,202.388288491,149.827774374
291,41.0545987514,73.2501217828,7,0.0,mix,63,566,9,50.325140808,150.497335252
292,39.2468363965,137.257238279,7,0.0,hrrr,63,566,9,62.4469915699,310.54960999
293,40.0232727537,78.9316766978,7,0.0,nam,63,566,9,60.8581977925,162.397747813
294,91.2491406949,68.0164954543,8,0.0,mix,63,566,9,156.768003029,145.905039539
295,96.1480401517,134.097063578,8,0.0,hrrr,63,566,9,178.48396181,309.804529862
296,96.0804942366,73.3551538818,8,0.0,nam,63,566,9,170.428442519,156.756863286
297,36.7266773752,73.5562704949,9,0.0,mix,63,566,9,34.664894193,149.817165421
298,23.0030818797,137.666627948,9,0.0,hrrr,63,566,9,30.5400901285,310.529367969
299,23.1256874302,79.6804984461,9,0.0,nam,63,566,9,30.1212186052,162.409126492
300,154.446495812,169.653245884,0,0.0,mix,61,552,10,193.387045043,224.71009382
301,193.435814455,253.47794937,0,0.0,hrrr,61,552,10,306.746126639,357.474423614
302,208.551678938,230.230793572,0,0.0,nam,61,552,10,294.089652786,322.110282772
303,170.00900571,168.036060057,1,0.0,mix,62,551,10,202.217667276,225.048846534
304,264.407016352,246.259004481,1,0.0,hrrr,62,551,10,304.196419714,358.071512363
305,210.876302624,230.029935501,1,0.0,nam,62,551,10,275.627733116,323.596375596
306,166.527078908,168.378614537,2,0.0,mix,61,552,10,214.831632479,223.115158869
307,225.233003449,250.559262522,2,0.0,hrrr,61,552,10,328.155491901,356.121057961
308,225.103405299,228.501698011,2,0.0,nam,61,552,10,304.940132912,321.207758473
309,175.774716033,167.397807459,3,0.0,mix,61,552,10,248.447305858,217.216823345
310,216.504477058,251.408092018,3,0.0,hrrr,61,552,10,349.943656146,353.954460553
311,224.383747928,228.579904012,3,0.0,nam,61,552,10,353.103841501,315.294476528
312,144.770780339,170.580972878,4,0.0,mix,61,552,10,196.753595837,224.416293394
313,220.09033555,251.06378116,4,0.0,hrrr,61,552,10,335.586789343,355.416948886
314,193.971778871,231.634966938,4,0.0,nam,61,552,10,273.066674147,323.563897806
315,165.058650194,168.642333594,5,0.0,mix,62,551,10,214.259826633,223.398186727
316,268.248505227,245.791078894,5,0.0,hrrr,62,551,10,396.71196581,347.671208272
317,217.72942216,229.310400738,5,0.0,nam,62,551,10,272.368182378,323.851950664
318,194.042753232,166.879666581,6,0.0,mix,61,552,10,268.95937038,219.298080025
319,318.121818159,239.170374667,6,0.0,hrrr,61,552,10,449.700380096,335.486161212
320,149.732812163,235.234001824,6,0.0,nam,61,552,10,188.28267282,326.428228925
321,154.090284547,169.693806735,7,0.0,mix,61,552,10,207.650182894,223.122866308
322,234.867058485,249.579859715,7,0.0,hrrr,61,552,10,330.372370355,355.979340258
323,236.538478097,227.221628256,7,0.0,nam,61,552,10,323.131449978,319.298394555
324,201.213686653,165.221921854,8,0.0,mix,62,551,10,263.409708464,217.796980638
325,212.711023158,251.831053624,8,0.0,hrrr,62,551,10,276.9079766,359.571611775
326,312.509008284,216.629510102,8,0.0,nam,62,551,10,416.179837597,298.936593517
327,199.29224647,164.601673527,9,0.0,mix,61,552,10,254.655037113,219.27497121
328,298.043439053,242.011610314,9,0.0,hrrr,61,552,10,334.934630256,355.087597018
329,264.58239504,223.778163991,9,0.0,nam,61,552,10,315.729846885,319.826939116
330,216.491501187,197.287523412,0,0.0,mix,65,588,11,230.270187158,214.126343981
331,338.103019441,328.127967491,0,0.0,hrrr,65,588,11,411.413528756,398.49816182
332,331.649132976,305.965201054,0,0.0,nam,65,588,11,394.836812614,378.327489758
333,222.348417374,196.46861729,1,0.0,mix,66,587,11,223.70663908,215.090137919
334,346.43514894,327.131998057,1,0.0,hrrr,66,587,11,418.600724748,397.508461012
335,335.984565345,305.387232123,1,0.0,nam,66,587,11,403.228418875,377.12834934
336,217.173364977,197.205922851,2,0.0,mix,65,588,11,257.850111818,210.167626635
337,357.123541691,325.892886694,2,0.0,hrrr,65,588,11,444.061514672,393.783909724
338,342.031893788,304.699005656,2,0.0,nam,65,588,11,431.611565471,372.75324809
339,172.057964532,202.431260639,3,0.0,mix,65,588,11,189.134392731,215.31822699
340,178.542756679,341.732060524,3,0.0,hrrr,65,588,11,247.138805413,406.329333639
341,161.345359467,320.773855846,3,0.0,nam,65,588,11,234.574662805,386.336011543
342,241.936615048,194.332780925,4,0.0,mix,65,588,11,201.155986687,214.18650994
343,276.086439604,334.482562358,4,0.0,hrrr,65,588,11,374.21792941,401.918509575
344,249.483759846,314.472701859,4,0.0,nam,65,588,11,344.490910657,382.963383015
345,168.828424326,202.645815221,5,0.0,mix,66,587,11,190.348706585,217.792859287
346,331.897678236,328.822298636,5,0.0,hrrr,66,587,11,393.55110327,400.545231355
347,291.01847091,310.534010451,5,0.0,nam,66,587,11,336.443480646,384.183907195
348,175.289505805,201.718440694,6,0.0,mix,65,588,11,199.820934924,217.819671058
349,329.046633245,329.144143702,6,0.0,hrrr,65,588,11,369.000910077,402.858323999
350,302.601996981,309.275411481,6,0.0,nam,65,588,11,344.754427901,383.528681442
351,228.609936804,195.967636623,7,0.0,mix,65,588,11,239.899961643,215.310192182
352,400.502906734,320.270352547,7,0.0,hrrr,65,588,11,435.578566264,393.913073531
353,385.157344868,298.956145864,7,0.0,nam,65,588,11,425.336134032,372.415640072
354,195.839832684,200.089305325,8,0.0,mix,66,587,11,216.392671345,220.417079452
355,413.844782785,318.202720995,8,0.0,hrrr,66,587,11,425.980498477,394.577305906
356,381.522946361,299.311892893,8,0.0,nam,66,587,11,407.576544233,375.212035526
357,175.882393754,201.935341379,9,0.0,mix,65,588,11,186.113656248,215.722322713
358,249.101047109,336.816359962,9,0.0,hrrr,65,588,11,279.856309333,407.03158079
359,230.786503559,316.047050497,9,0.0,nam,65,588,11,264.016262863,387.067983343
360,214.183185154,214.249005908,0,0.0,mix,65,585,12,236.94385098,285.693829
361,241.415062266,256.222677517,0,0.0,hrrr,65,585,12,299.37399507,350.753411079
362,221.599720316,224.179126524,0,0.0,nam,65,585,12,261.533658871,325.908087181
363,182.482362244,217.487201178,1,0.0,mix,65,585,12,195.031085712,286.512923262
364,229.005509194,257.485329316,1,0.0,hrrr,65,585,12,269.560434357,352.433502733
365,191.041401423,227.282532424,1,0.0,nam,65,585,12,228.738921939,327.291750207
366,211.954596775,214.857301662,2,0.0,mix,65,585,12,264.173128422,279.30850619
367,258.396714447,254.375687718,2,0.0,hrrr,65,585,12,331.788202444,348.122911969
368,194.365623487,226.969152914,2,0.0,nam,65,585,12,284.610661576,324.249157457
369,136.412135563,221.315966979,3,0.0,mix,65,585,12,120.841735327,283.734144915
370,156.705364583,263.433568532,3,0.0,hrrr,65,585,12,219.895856382,353.258631839
371,114.756697188,232.914830265,3,0.0,nam,65,585,12,113.49935747,328.285222117
372,276.497554414,206.879115262,4,0.0,mix,65,585,12,357.714899772,275.024012797
373,297.756020255,249.549177731,4,0.0,hrrr,65,585,12,382.089092502,341.47031674
374,286.931554197,215.788797508,4,0.0,nam,65,585,12,383.801924886,310.232734355
375,208.806708793,215.317187825,5,0.0,mix,65,585,12,275.4945513,281.453947533
376,270.403665343,252.985206929,5,0.0,hrrr,65,585,12,421.082229847,334.585908328
377,218.378301354,224.530097083,5,0.0,nam,65,585,12,334.529133196,319.416982414
378,273.691238528,207.240244373,6,0.0,mix,65,585,12,298.401945572,287.62993526
379,292.438458132,250.2468836,6,0.0,hrrr,65,585,12,315.99304747,349.223819315
380,297.76862741,214.151246525,6,0.0,nam,65,585,12,335.261273736,317.912722855
381,208.720451322,214.991374333,7,0.0,mix,65,585,12,243.095939814,283.116015859
382,276.914274333,252.201476167,7,0.0,hrrr,65,585,12,338.76722812,347.328586195
383,208.336628525,225.58782773,7,0.0,nam,65,585,12,270.700125164,325.312289884
384,281.678374954,205.473799079,8,0.0,mix,65,585,12,382.980254241,262.986514378
385,330.09649185,244.987093226,8,0.0,hrrr,65,585,12,425.225943336,332.083104772
386,300.852403912,213.671813257,8,0.0,nam,65,585,12,423.864619847,299.201948571
387,140.565836989,221.177894207,9,0.0,mix,65,585,12,132.004064678,282.221626686
388,118.908943374,265.621376261,9,0.0,hrrr,65,585,12,141.659641714,353.81221815
389,110.730936189,233.131251238,9,0.0,nam,65,585,12,122.551203566,328.179088794
390,110.75634135,167.426245446,0,0.0,mix,65,584,13,145.492242719,231.923520505
391,155.097980771,208.066379509,0,0.0,hrrr,65,584,13,234.041741792,325.24947542
392,168.49246609,234.001226604,0,0.0,nam,65,584,13,213.28185378,337.38297364
393,166.678692188,162.298754417,1,0.0,mix,65,584,13,205.980378113,227.358709432
394,174.595757123,206.339865922,1,0.0,hrrr,65,584,13,280.025258405,322.839542965
395,237.014897004,227.296975791,1,0.0,nam,65,584,13,332.271317168,330.268723954
396,178.859157383,160.814250641,2,0.0,mix,65,584,13,262.6421933,223.136706238
397,219.628945093,201.494876691,2,0.0,hrrr,65,584,13,368.423441998,312.243405838
398,173.466950064,233.596323706,2,0.0,nam,65,584,13,292.37282913,333.586916512
399,134.161171625,165.662561907,3,0.0,mix,65,584,13,161.879622674,228.364109745
400,104.069026179,211.574056263,3,0.0,hrrr,65,584,13,186.453401417,326.126277758
401,170.522772913,233.837475115,3,0.0,nam,65,584,13,287.077535382,333.934508469
402,145.0818446,164.595578417,4,0.0,mix,64,585,13,192.279003023,229.042500707
403,166.00306231,207.064364842,4,0.0,hrrr,64,585,13,252.826663958,324.382032144
404,267.97746975,223.519659416,4,0.0,nam,64,585,13,354.350813157,327.201124796
405,224.733731838,156.464215653,5,0.0,mix,65,584,13,315.295923952,226.703402413
406,303.132630464,189.054490206,5,0.0,hrrr,65,584,13,410.673305819,299.818131077
407,239.847049477,226.966071501,5,0.0,nam,65,584,13,303.460687671,333.086154372
408,219.782580969,155.980661317,6,0.0,mix,65,584,13,284.269594686,221.51757249
409,250.639806546,197.42600787,6,0.0,hrrr,65,584,13,332.575631023,317.355107871
410,361.058292773,208.342979742,6,0.0,nam,65,584,13,436.283599196,303.339806295
411,174.773594901,161.243201097,7,0.0,mix,65,584,13,246.463258386,227.32772237
412,224.164159709,200.93822285,7,0.0,hrrr,65,584,13,334.209311241,317.513160929
413,239.804132937,226.971118753,7,0.0,nam,65,584,13,334.979869139,329.946708069
414,134.952847837,165.434664458,8,0.0,mix,65,584,13,187.540903611,232.350804046
415,185.97895925,205.229881758,8,0.0,hrrr,65,584,13,278.607418581,323.008219512
416,182.829495771,232.800254922,8,0.0,nam,65,584,13,255.266701532,335.968992624
417,159.951676921,163.032751372,9,0.0,mix,65,584,13,213.21945071,226.891809857
418,180.906370403,205.733912418,9,0.0,hrrr,65,584,13,290.258418442,322.092189172
419,164.597774327,234.309546366,9,0.0,nam,65,584,13,259.605005082,335.525089626
